username,password
test1@gmail.com,test1password
test2@gmail.com,test2password
test4@gmail.com,test4password
test5@gmail.com,test5password
test6@gmail.com,test6password
test7@gmail.com,test7password
test8@gmail.com,test8password
test9@gmail.com,test9password
test10@gmail.com,test10password
test11@gmail.com,test11password
test12@gmail.com,test12password
test13@gmail.com,test13password
test14@gmail.com,test14password
test15@gmail.com,test15password
test16@gmail.com,test16password
test17@gmail.com,test17password
test18@gmail.com,test18password
test19@gmail.com,test19password
test20@gmail.com,test20password
test21@gmail.com,test21password
test22@gmail.com,test22password
test23@gmail.com,test23password
test24@gmail.com,test24password
test25@gmail.com,test25password
test26@gmail.com,test26password
test27@gmail.com,test27password
test28@gmail.com,test28password
test29@gmail.com,test29password
test30@gmail.com,test30password
test31@gmail.com,test31password
test32@gmail.com,test32password
test33@gmail.com,test33password
test34@gmail.com,test34password
test35@gmail.com,test35password
test36@gmail.com,test36password
test37@gmail.com,test37password
test38@gmail.com,test38password
test39@gmail.com,test39password
test40@gmail.com,test40password
test41@gmail.com,test41password
test42@gmail.com,test42password
test43@gmail.com,test43password
test44@gmail.com,test44password
test45@gmail.com,test45password
test46@gmail.com,test46password
test47@gmail.com,test47password
test48@gmail.com,test48password
test49@gmail.com,test49password
test50@gmail.com,test50password
test51@gmail.com,test51password
test52@gmail.com,test52password
test53@gmail.com,test53password
test54@gmail.com,test54password
test55@gmail.com,test55password
test56@gmail.com,test56password
test57@gmail.com,test57password
test58@gmail.com,test58password
test59@gmail.com,test59password
test60@gmail.com,test60password
test61@gmail.com,test61password
test62@gmail.com,test62password
test63@gmail.com,test63password
test64@gmail.com,test64password
test65@gmail.com,test65password
test66@gmail.com,test66password
test67@gmail.com,test67password
test68@gmail.com,test68password
test69@gmail.com,test69password
test70@gmail.com,test70password
test71@gmail.com,test71password
test72@gmail.com,test72password
test73@gmail.com,test73password
test74@gmail.com,test74password
test75@gmail.com,test75password
test76@gmail.com,test76password
test77@gmail.com,test77password
test78@gmail.com,test78password
test79@gmail.com,test79password
test80@gmail.com,test80password
test81@gmail.com,test81password
test82@gmail.com,test82password
test83@gmail.com,test83password
test84@gmail.com,test84password
test85@gmail.com,test85password
test86@gmail.com,test86password
test87@gmail.com,test87password
test88@gmail.com,test88password
test89@gmail.com,test89password
test90@gmail.com,test90password
